PID,Submitted,Started,Completed,Queues,Executing,IO
0,4,-1,-1,-1,-1,-1
1,8,-1,-1,-1,-1,-1
2,9,-1,-1,-1,-1,-1
3,10,-1,-1,-1,-1,-1
4,13,-1,-1,-1,-1,-1
5,14,-1,-1,-1,-1,-1
6,15,-1,-1,-1,-1,-1
7,16,-1,-1,-1,-1,-1
8,20,-1,-1,-1,-1,-1
9,24,-1,-1,-1,-1,-1
10,26,-1,-1,-1,-1,-1
11,27,-1,-1,-1,-1,-1
12,31,-1,-1,-1,-1,-1
13,32,-1,-1,-1,-1,-1
14,35,-1,-1,-1,-1,-1
15,37,-1,-1,-1,-1,-1
16,41,-1,-1,-1,-1,-1
17,45,-1,-1,-1,-1,-1
18,49,-1,-1,-1,-1,-1
19,51,-1,-1,-1,-1,-1
20,55,-1,-1,-1,-1,-1
21,56,-1,-1,-1,-1,-1
22,57,-1,-1,-1,-1,-1
23,58,-1,-1,-1,-1,-1
24,60,-1,-1,-1,-1,-1
25,62,-1,-1,-1,-1,-1
26,64,-1,-1,-1,-1,-1
27,65,-1,-1,-1,-1,-1
28,67,-1,-1,-1,-1,-1
29,70,-1,-1,-1,-1,-1
30,73,-1,-1,-1,-1,-1
31,77,-1,-1,-1,-1,-1
32,81,-1,-1,-1,-1,-1
33,82,-1,-1,-1,-1,-1
34,83,-1,-1,-1,-1,-1
35,86,-1,-1,-1,-1,-1
36,90,-1,-1,-1,-1,-1
37,91,-1,-1,-1,-1,-1
38,92,-1,-1,-1,-1,-1
39,96,-1,-1,-1,-1,-1
40,100,-1,-1,-1,-1,-1
41,101,-1,-1,-1,-1,-1
42,103,-1,-1,-1,-1,-1
43,104,-1,-1,-1,-1,-1
44,106,-1,-1,-1,-1,-1
45,108,-1,-1,-1,-1,-1
46,110,-1,-1,-1,-1,-1
47,114,-1,-1,-1,-1,-1
48,116,-1,-1,-1,-1,-1
49,119,-1,-1,-1,-1,-1
50,121,-1,-1,-1,-1,-1
51,124,-1,-1,-1,-1,-1
52,126,-1,-1,-1,-1,-1
53,130,-1,-1,-1,-1,-1
54,133,-1,-1,-1,-1,-1
55,137,-1,-1,-1,-1,-1
56,138,-1,-1,-1,-1,-1
57,142,-1,-1,-1,-1,-1
58,145,-1,-1,-1,-1,-1
59,148,-1,-1,-1,-1,-1
60,152,-1,-1,-1,-1,-1
61,155,-1,-1,-1,-1,-1
62,159,-1,-1,-1,-1,-1
63,163,-1,-1,-1,-1,-1
64,166,-1,-1,-1,-1,-1
65,167,-1,-1,-1,-1,-1
66,171,-1,-1,-1,-1,-1
67,172,-1,-1,-1,-1,-1
68,174,-1,-1,-1,-1,-1
69,175,-1,-1,-1,-1,-1
70,177,-1,-1,-1,-1,-1
71,179,-1,-1,-1,-1,-1
72,181,-1,-1,-1,-1,-1
73,185,-1,-1,-1,-1,-1
74,188,-1,-1,-1,-1,-1
75,189,-1,-1,-1,-1,-1
76,191,-1,-1,-1,-1,-1
77,193,-1,-1,-1,-1,-1
78,194,-1,-1,-1,-1,-1
79,197,-1,-1,-1,-1,-1
80,200,-1,-1,-1,-1,-1
81,201,-1,-1,-1,-1,-1
82,202,-1,-1,-1,-1,-1
83,206,-1,-1,-1,-1,-1
84,207,-1,-1,-1,-1,-1
85,208,-1,-1,-1,-1,-1
86,209,-1,-1,-1,-1,-1
87,212,-1,-1,-1,-1,-1
88,215,-1,-1,-1,-1,-1
89,216,-1,-1,-1,-1,-1
90,220,-1,-1,-1,-1,-1
91,224,-1,-1,-1,-1,-1
92,226,-1,-1,-1,-1,-1
93,227,-1,-1,-1,-1,-1
94,229,-1,-1,-1,-1,-1
95,232,-1,-1,-1,-1,-1
96,233,-1,-1,-1,-1,-1
97,237,-1,-1,-1,-1,-1
98,239,-1,-1,-1,-1,-1
99,242,-1,-1,-1,-1,-1
100,244,-1,-1,-1,-1,-1
101,247,-1,-1,-1,-1,-1
102,249,-1,-1,-1,-1,-1
103,250,-1,-1,-1,-1,-1
104,254,-1,-1,-1,-1,-1
105,258,-1,-1,-1,-1,-1
106,262,-1,-1,-1,-1,-1
107,263,-1,-1,-1,-1,-1
108,264,-1,-1,-1,-1,-1
109,267,-1,-1,-1,-1,-1
110,269,-1,-1,-1,-1,-1
111,271,-1,-1,-1,-1,-1
112,274,-1,-1,-1,-1,-1
113,278,-1,-1,-1,-1,-1
114,279,-1,-1,-1,-1,-1
115,280,-1,-1,-1,-1,-1
116,281,-1,-1,-1,-1,-1
117,283,-1,-1,-1,-1,-1
118,287,-1,-1,-1,-1,-1
119,291,-1,-1,-1,-1,-1
120,294,-1,-1,-1,-1,-1
121,298,-1,-1,-1,-1,-1
122,299,-1,-1,-1,-1,-1
123,302,-1,-1,-1,-1,-1
124,305,-1,-1,-1,-1,-1
125,307,-1,-1,-1,-1,-1
126,309,-1,-1,-1,-1,-1
127,311,-1,-1,-1,-1,-1
128,313,-1,-1,-1,-1,-1
129,317,-1,-1,-1,-1,-1
130,321,-1,-1,-1,-1,-1
131,322,-1,-1,-1,-1,-1
132,323,-1,-1,-1,-1,-1
133,327,-1,-1,-1,-1,-1
134,330,-1,-1,-1,-1,-1
135,334,-1,-1,-1,-1,-1
136,336,-1,-1,-1,-1,-1
137,338,-1,-1,-1,-1,-1
138,342,-1,-1,-1,-1,-1
139,344,-1,-1,-1,-1,-1
140,346,-1,-1,-1,-1,-1
141,349,-1,-1,-1,-1,-1
142,352,-1,-1,-1,-1,-1
143,356,-1,-1,-1,-1,-1
144,360,-1,-1,-1,-1,-1
145,364,-1,-1,-1,-1,-1
146,366,-1,-1,-1,-1,-1
147,368,-1,-1,-1,-1,-1
148,370,-1,-1,-1,-1,-1
149,373,-1,-1,-1,-1,-1
150,374,-1,-1,-1,-1,-1
151,377,-1,-1,-1,-1,-1
152,379,-1,-1,-1,-1,-1
153,380,-1,-1,-1,-1,-1
154,381,-1,-1,-1,-1,-1
155,383,-1,-1,-1,-1,-1
156,387,-1,-1,-1,-1,-1
157,391,-1,-1,-1,-1,-1
158,395,-1,-1,-1,-1,-1
159,396,-1,-1,-1,-1,-1
160,399,-1,-1,-1,-1,-1
161,403,-1,-1,-1,-1,-1
162,405,-1,-1,-1,-1,-1
163,408,-1,-1,-1,-1,-1
164,412,-1,-1,-1,-1,-1
165,413,-1,-1,-1,-1,-1
166,416,-1,-1,-1,-1,-1
167,420,-1,-1,-1,-1,-1
168,423,-1,-1,-1,-1,-1
169,426,-1,-1,-1,-1,-1
170,427,-1,-1,-1,-1,-1
171,428,-1,-1,-1,-1,-1
172,431,-1,-1,-1,-1,-1
173,432,-1,-1,-1,-1,-1
174,436,-1,-1,-1,-1,-1
175,437,-1,-1,-1,-1,-1
176,439,-1,-1,-1,-1,-1
177,440,-1,-1,-1,-1,-1
178,443,-1,-1,-1,-1,-1
179,445,-1,-1,-1,-1,-1
180,446,-1,-1,-1,-1,-1
181,448,-1,-1,-1,-1,-1
182,451,-1,-1,-1,-1,-1
183,454,-1,-1,-1,-1,-1
184,455,-1,-1,-1,-1,-1
185,457,-1,-1,-1,-1,-1
186,459,-1,-1,-1,-1,-1
187,460,-1,-1,-1,-1,-1
188,464,-1,-1,-1,-1,-1
189,468,-1,-1,-1,-1,-1
190,469,-1,-1,-1,-1,-1
191,471,-1,-1,-1,-1,-1
192,474,-1,-1,-1,-1,-1
193,478,-1,-1,-1,-1,-1
194,479,-1,-1,-1,-1,-1
195,483,-1,-1,-1,-1,-1
196,486,-1,-1,-1,-1,-1
197,488,-1,-1,-1,-1,-1
198,489,-1,-1,-1,-1,-1
199,490,-1,-1,-1,-1,-1
200,492,-1,-1,-1,-1,-1
201,494,-1,-1,-1,-1,-1
202,496,-1,-1,-1,-1,-1
203,497,-1,-1,-1,-1,-1
204,500,-1,-1,-1,-1,-1
205,503,-1,-1,-1,-1,-1
206,506,-1,-1,-1,-1,-1
207,507,-1,-1,-1,-1,-1
208,509,-1,-1,-1,-1,-1
209,511,-1,-1,-1,-1,-1
210,514,-1,-1,-1,-1,-1
211,517,-1,-1,-1,-1,-1
212,518,-1,-1,-1,-1,-1
213,519,-1,-1,-1,-1,-1
214,523,-1,-1,-1,-1,-1
215,524,-1,-1,-1,-1,-1
216,528,-1,-1,-1,-1,-1
217,529,-1,-1,-1,-1,-1
218,530,-1,-1,-1,-1,-1
219,531,-1,-1,-1,-1,-1
220,532,-1,-1,-1,-1,-1
221,533,-1,-1,-1,-1,-1
222,536,-1,-1,-1,-1,-1
223,540,-1,-1,-1,-1,-1
224,544,-1,-1,-1,-1,-1
225,545,-1,-1,-1,-1,-1
226,548,-1,-1,-1,-1,-1
227,552,-1,-1,-1,-1,-1
228,554,-1,-1,-1,-1,-1
229,556,-1,-1,-1,-1,-1
230,558,-1,-1,-1,-1,-1
231,559,-1,-1,-1,-1,-1
232,561,-1,-1,-1,-1,-1
233,562,-1,-1,-1,-1,-1
234,566,-1,-1,-1,-1,-1
235,567,-1,-1,-1,-1,-1
236,569,-1,-1,-1,-1,-1
237,573,-1,-1,-1,-1,-1
238,575,-1,-1,-1,-1,-1
239,576,-1,-1,-1,-1,-1
240,578,-1,-1,-1,-1,-1
241,579,-1,-1,-1,-1,-1
242,583,-1,-1,-1,-1,-1
243,585,-1,-1,-1,-1,-1
244,589,-1,-1,-1,-1,-1
245,591,-1,-1,-1,-1,-1
246,593,-1,-1,-1,-1,-1
247,596,-1,-1,-1,-1,-1
248,599,-1,-1,-1,-1,-1
249,602,-1,-1,-1,-1,-1
250,604,-1,-1,-1,-1,-1
251,606,-1,-1,-1,-1,-1
252,609,-1,-1,-1,-1,-1
253,610,-1,-1,-1,-1,-1
254,614,-1,-1,-1,-1,-1
255,617,-1,-1,-1,-1,-1
256,620,-1,-1,-1,-1,-1
257,622,-1,-1,-1,-1,-1
258,623,-1,-1,-1,-1,-1
259,626,-1,-1,-1,-1,-1
260,628,-1,-1,-1,-1,-1
261,631,-1,-1,-1,-1,-1
262,634,-1,-1,-1,-1,-1
263,637,-1,-1,-1,-1,-1
264,639,-1,-1,-1,-1,-1
265,640,-1,-1,-1,-1,-1
266,642,-1,-1,-1,-1,-1
267,646,-1,-1,-1,-1,-1
268,650,-1,-1,-1,-1,-1
269,653,-1,-1,-1,-1,-1
270,655,-1,-1,-1,-1,-1
271,658,-1,-1,-1,-1,-1
272,659,-1,-1,-1,-1,-1
273,661,-1,-1,-1,-1,-1
274,663,-1,-1,-1,-1,-1
275,667,-1,-1,-1,-1,-1
276,671,-1,-1,-1,-1,-1
277,673,-1,-1,-1,-1,-1
278,675,-1,-1,-1,-1,-1
279,676,-1,-1,-1,-1,-1
280,677,-1,-1,-1,-1,-1
281,680,-1,-1,-1,-1,-1
282,681,-1,-1,-1,-1,-1
283,685,-1,-1,-1,-1,-1
284,686,-1,-1,-1,-1,-1
285,690,-1,-1,-1,-1,-1
286,691,-1,-1,-1,-1,-1
287,695,-1,-1,-1,-1,-1
288,696,-1,-1,-1,-1,-1
289,699,-1,-1,-1,-1,-1
290,703,-1,-1,-1,-1,-1
291,707,-1,-1,-1,-1,-1
292,711,-1,-1,-1,-1,-1
293,713,-1,-1,-1,-1,-1
294,715,-1,-1,-1,-1,-1
295,719,-1,-1,-1,-1,-1
296,722,-1,-1,-1,-1,-1
297,723,-1,-1,-1,-1,-1
298,724,-1,-1,-1,-1,-1
299,725,-1,-1,-1,-1,-1
300,726,-1,-1,-1,-1,-1
301,728,-1,-1,-1,-1,-1
302,732,-1,-1,-1,-1,-1
303,735,-1,-1,-1,-1,-1
304,737,-1,-1,-1,-1,-1
305,739,-1,-1,-1,-1,-1
306,740,-1,-1,-1,-1,-1
307,744,-1,-1,-1,-1,-1
308,747,-1,-1,-1,-1,-1
309,751,-1,-1,-1,-1,-1
310,755,-1,-1,-1,-1,-1
311,756,-1,-1,-1,-1,-1
312,759,-1,-1,-1,-1,-1
313,762,-1,-1,-1,-1,-1
314,766,-1,-1,-1,-1,-1
315,770,-1,-1,-1,-1,-1
316,774,-1,-1,-1,-1,-1
317,775,-1,-1,-1,-1,-1
318,779,-1,-1,-1,-1,-1
319,780,-1,-1,-1,-1,-1
320,782,-1,-1,-1,-1,-1
321,784,-1,-1,-1,-1,-1
322,787,-1,-1,-1,-1,-1
323,789,-1,-1,-1,-1,-1
324,792,-1,-1,-1,-1,-1
325,793,-1,-1,-1,-1,-1
326,796,-1,-1,-1,-1,-1
327,800,-1,-1,-1,-1,-1
328,804,-1,-1,-1,-1,-1
329,806,-1,-1,-1,-1,-1
330,810,-1,-1,-1,-1,-1
331,813,-1,-1,-1,-1,-1
332,814,-1,-1,-1,-1,-1
333,816,-1,-1,-1,-1,-1
334,819,-1,-1,-1,-1,-1
335,823,-1,-1,-1,-1,-1
336,827,-1,-1,-1,-1,-1
337,830,-1,-1,-1,-1,-1
338,831,-1,-1,-1,-1,-1
339,833,-1,-1,-1,-1,-1
340,834,-1,-1,-1,-1,-1
341,836,-1,-1,-1,-1,-1
342,837,-1,-1,-1,-1,-1
343,839,-1,-1,-1,-1,-1
344,843,-1,-1,-1,-1,-1
345,845,-1,-1,-1,-1,-1
346,846,-1,-1,-1,-1,-1
347,848,-1,-1,-1,-1,-1
348,851,-1,-1,-1,-1,-1
349,852,-1,-1,-1,-1,-1
350,856,-1,-1,-1,-1,-1
351,857,-1,-1,-1,-1,-1
352,860,-1,-1,-1,-1,-1
353,861,-1,-1,-1,-1,-1
354,862,-1,-1,-1,-1,-1
355,865,-1,-1,-1,-1,-1
356,867,-1,-1,-1,-1,-1
357,871,-1,-1,-1,-1,-1
358,872,-1,-1,-1,-1,-1
359,874,-1,-1,-1,-1,-1
360,877,-1,-1,-1,-1,-1
361,881,-1,-1,-1,-1,-1
362,885,-1,-1,-1,-1,-1
363,889,-1,-1,-1,-1,-1
364,892,-1,-1,-1,-1,-1
365,896,-1,-1,-1,-1,-1
366,898,-1,-1,-1,-1,-1
367,902,-1,-1,-1,-1,-1
368,903,-1,-1,-1,-1,-1
369,906,-1,-1,-1,-1,-1
370,907,-1,-1,-1,-1,-1
371,911,-1,-1,-1,-1,-1
372,915,-1,-1,-1,-1,-1
373,917,-1,-1,-1,-1,-1
374,918,-1,-1,-1,-1,-1
375,920,-1,-1,-1,-1,-1
376,921,-1,-1,-1,-1,-1
377,925,-1,-1,-1,-1,-1
378,928,-1,-1,-1,-1,-1
379,930,-1,-1,-1,-1,-1
380,931,-1,-1,-1,-1,-1
381,934,-1,-1,-1,-1,-1
382,936,-1,-1,-1,-1,-1
383,938,-1,-1,-1,-1,-1
384,940,-1,-1,-1,-1,-1
385,944,-1,-1,-1,-1,-1
386,945,-1,-1,-1,-1,-1
387,949,-1,-1,-1,-1,-1
388,951,-1,-1,-1,-1,-1
389,952,-1,-1,-1,-1,-1
390,954,-1,-1,-1,-1,-1
391,955,-1,-1,-1,-1,-1
392,957,-1,-1,-1,-1,-1
393,961,-1,-1,-1,-1,-1
394,962,-1,-1,-1,-1,-1
395,964,-1,-1,-1,-1,-1
396,968,-1,-1,-1,-1,-1
397,971,-1,-1,-1,-1,-1
398,975,-1,-1,-1,-1,-1
399,978,-1,-1,-1,-1,-1
400,979,-1,-1,-1,-1,-1
401,983,-1,-1,-1,-1,-1
402,984,-1,-1,-1,-1,-1
403,985,-1,-1,-1,-1,-1
404,986,-1,-1,-1,-1,-1
405,988,-1,-1,-1,-1,-1
406,992,-1,-1,-1,-1,-1
407,994,-1,-1,-1,-1,-1
408,996,-1,-1,-1,-1,-1
409,999,-1,-1,-1,-1,-1
410,1000,-1,-1,-1,-1,-1
411,1001,-1,-1,-1,-1,-1
412,1004,-1,-1,-1,-1,-1
413,1006,-1,-1,-1,-1,-1
414,1010,-1,-1,-1,-1,-1
415,1013,-1,-1,-1,-1,-1
416,1014,-1,-1,-1,-1,-1
417,1017,-1,-1,-1,-1,-1
418,1021,-1,-1,-1,-1,-1
419,1022,-1,-1,-1,-1,-1
420,1023,-1,-1,-1,-1,-1
421,1024,-1,-1,-1,-1,-1
422,1027,-1,-1,-1,-1,-1
423,1030,-1,-1,-1,-1,-1
424,1033,-1,-1,-1,-1,-1
425,1036,-1,-1,-1,-1,-1
426,1040,-1,-1,-1,-1,-1
427,1044,-1,-1,-1,-1,-1
428,1048,-1,-1,-1,-1,-1
429,1052,-1,-1,-1,-1,-1
430,1054,-1,-1,-1,-1,-1
431,1057,-1,-1,-1,-1,-1
432,1059,-1,-1,-1,-1,-1
433,1060,-1,-1,-1,-1,-1
434,1061,-1,-1,-1,-1,-1
435,1064,-1,-1,-1,-1,-1
436,1067,-1,-1,-1,-1,-1
437,1071,-1,-1,-1,-1,-1
438,1073,-1,-1,-1,-1,-1
439,1074,-1,-1,-1,-1,-1
440,1077,-1,-1,-1,-1,-1
441,1081,-1,-1,-1,-1,-1
442,1085,-1,-1,-1,-1,-1
443,1089,-1,-1,-1,-1,-1
444,1093,-1,-1,-1,-1,-1
445,1097,-1,-1,-1,-1,-1
446,1100,-1,-1,-1,-1,-1
447,1104,-1,-1,-1,-1,-1
448,1108,-1,-1,-1,-1,-1
449,1111,-1,-1,-1,-1,-1
450,1113,-1,-1,-1,-1,-1
451,1116,-1,-1,-1,-1,-1
452,1118,-1,-1,-1,-1,-1
453,1122,-1,-1,-1,-1,-1
454,1124,-1,-1,-1,-1,-1
455,1126,-1,-1,-1,-1,-1
456,1127,-1,-1,-1,-1,-1
457,1130,-1,-1,-1,-1,-1
458,1133,-1,-1,-1,-1,-1
459,1137,-1,-1,-1,-1,-1
460,1139,-1,-1,-1,-1,-1
461,1143,-1,-1,-1,-1,-1
462,1145,-1,-1,-1,-1,-1
463,1148,-1,-1,-1,-1,-1
464,1151,-1,-1,-1,-1,-1
465,1152,-1,-1,-1,-1,-1
466,1154,-1,-1,-1,-1,-1
467,1155,-1,-1,-1,-1,-1
468,1158,-1,-1,-1,-1,-1
469,1160,-1,-1,-1,-1,-1
470,1162,-1,-1,-1,-1,-1
471,1163,-1,-1,-1,-1,-1
472,1167,-1,-1,-1,-1,-1
473,1168,-1,-1,-1,-1,-1
474,1171,-1,-1,-1,-1,-1
475,1173,-1,-1,-1,-1,-1
476,1175,-1,-1,-1,-1,-1
477,1177,-1,-1,-1,-1,-1
478,1180,-1,-1,-1,-1,-1
479,1184,-1,-1,-1,-1,-1
480,1188,-1,-1,-1,-1,-1
481,1192,-1,-1,-1,-1,-1
482,1193,-1,-1,-1,-1,-1
483,1197,-1,-1,-1,-1,-1
484,1201,-1,-1,-1,-1,-1
485,1204,-1,-1,-1,-1,-1
486,1207,-1,-1,-1,-1,-1
487,1208,-1,-1,-1,-1,-1
488,1212,-1,-1,-1,-1,-1
489,1215,-1,-1,-1,-1,-1
490,1216,-1,-1,-1,-1,-1
491,1218,-1,-1,-1,-1,-1
492,1219,-1,-1,-1,-1,-1
493,1221,-1,-1,-1,-1,-1
494,1223,-1,-1,-1,-1,-1
495,1224,-1,-1,-1,-1,-1
496,1228,-1,-1,-1,-1,-1
497,1232,-1,-1,-1,-1,-1
498,1234,-1,-1,-1,-1,-1
499,1237,-1,-1,-1,-1,-1
500,1238,-1,-1,-1,-1,-1
501,1241,-1,-1,-1,-1,-1
502,1245,-1,-1,-1,-1,-1
503,1249,-1,-1,-1,-1,-1
504,1250,-1,-1,-1,-1,-1
505,1254,-1,-1,-1,-1,-1
506,1256,-1,-1,-1,-1,-1
507,1257,-1,-1,-1,-1,-1
508,1260,-1,-1,-1,-1,-1
509,1264,-1,-1,-1,-1,-1
510,1267,-1,-1,-1,-1,-1
511,1269,-1,-1,-1,-1,-1
512,1273,-1,-1,-1,-1,-1
513,1277,-1,-1,-1,-1,-1
514,1281,-1,-1,-1,-1,-1
515,1283,-1,-1,-1,-1,-1
516,1287,-1,-1,-1,-1,-1
517,1289,-1,-1,-1,-1,-1
518,1291,-1,-1,-1,-1,-1
519,1294,-1,-1,-1,-1,-1
520,1297,-1,-1,-1,-1,-1
521,1298,-1,-1,-1,-1,-1
522,1300,-1,-1,-1,-1,-1
523,1304,-1,-1,-1,-1,-1
524,1305,-1,-1,-1,-1,-1
525,1306,-1,-1,-1,-1,-1
526,1307,-1,-1,-1,-1,-1
527,1309,-1,-1,-1,-1,-1
528,1310,-1,-1,-1,-1,-1
529,1313,-1,-1,-1,-1,-1
530,1314,-1,-1,-1,-1,-1
531,1318,-1,-1,-1,-1,-1
532,1321,-1,-1,-1,-1,-1
533,1325,-1,-1,-1,-1,-1
534,1327,-1,-1,-1,-1,-1
535,1331,-1,-1,-1,-1,-1
536,1333,-1,-1,-1,-1,-1
537,1335,-1,-1,-1,-1,-1
538,1336,-1,-1,-1,-1,-1
539,1337,-1,-1,-1,-1,-1
540,1340,-1,-1,-1,-1,-1
541,1341,-1,-1,-1,-1,-1
542,1345,-1,-1,-1,-1,-1
543,1347,-1,-1,-1,-1,-1
544,1350,-1,-1,-1,-1,-1
545,1352,-1,-1,-1,-1,-1
546,1355,-1,-1,-1,-1,-1
547,1356,-1,-1,-1,-1,-1
548,1358,-1,-1,-1,-1,-1
549,1360,-1,-1,-1,-1,-1
550,1363,-1,-1,-1,-1,-1
551,1364,-1,-1,-1,-1,-1
552,1368,-1,-1,-1,-1,-1
553,1372,-1,-1,-1,-1,-1
554,1375,-1,-1,-1,-1,-1
555,1379,-1,-1,-1,-1,-1
556,1382,-1,-1,-1,-1,-1
557,1386,-1,-1,-1,-1,-1
558,1387,-1,-1,-1,-1,-1
559,1390,-1,-1,-1,-1,-1
560,1393,-1,-1,-1,-1,-1
561,1396,-1,-1,-1,-1,-1
562,1399,-1,-1,-1,-1,-1
563,1402,-1,-1,-1,-1,-1
564,1406,-1,-1,-1,-1,-1
565,1410,-1,-1,-1,-1,-1
566,1411,-1,-1,-1,-1,-1
567,1415,-1,-1,-1,-1,-1
568,1417,-1,-1,-1,-1,-1
569,1421,-1,-1,-1,-1,-1
570,1422,-1,-1,-1,-1,-1
571,1426,-1,-1,-1,-1,-1
572,1428,-1,-1,-1,-1,-1
573,1431,-1,-1,-1,-1,-1
574,1432,-1,-1,-1,-1,-1
575,1433,-1,-1,-1,-1,-1
576,1436,-1,-1,-1,-1,-1
577,1438,-1,-1,-1,-1,-1
578,1439,-1,-1,-1,-1,-1
579,1441,-1,-1,-1,-1,-1
580,1442,-1,-1,-1,-1,-1
581,1446,-1,-1,-1,-1,-1
582,1449,-1,-1,-1,-1,-1
583,1450,-1,-1,-1,-1,-1
584,1451,-1,-1,-1,-1,-1
585,1455,-1,-1,-1,-1,-1
586,1458,-1,-1,-1,-1,-1
587,1460,-1,-1,-1,-1,-1
588,1463,-1,-1,-1,-1,-1
589,1467,-1,-1,-1,-1,-1
590,1470,-1,-1,-1,-1,-1
591,1472,-1,-1,-1,-1,-1
592,1475,-1,-1,-1,-1,-1
593,1477,-1,-1,-1,-1,-1
594,1481,-1,-1,-1,-1,-1
595,1482,-1,-1,-1,-1,-1
596,1486,-1,-1,-1,-1,-1
597,1487,-1,-1,-1,-1,-1
598,1488,-1,-1,-1,-1,-1
599,1492,-1,-1,-1,-1,-1
600,1493,-1,-1,-1,-1,-1
601,1494,-1,-1,-1,-1,-1
602,1497,-1,-1,-1,-1,-1
603,1501,-1,-1,-1,-1,-1
604,1502,-1,-1,-1,-1,-1
605,1503,-1,-1,-1,-1,-1
606,1506,-1,-1,-1,-1,-1
607,1510,-1,-1,-1,-1,-1
608,1512,-1,-1,-1,-1,-1
609,1516,-1,-1,-1,-1,-1
610,1519,-1,-1,-1,-1,-1
611,1521,-1,-1,-1,-1,-1
612,1523,-1,-1,-1,-1,-1
613,1525,-1,-1,-1,-1,-1
614,1527,-1,-1,-1,-1,-1
615,1530,-1,-1,-1,-1,-1
616,1531,-1,-1,-1,-1,-1
617,1535,-1,-1,-1,-1,-1
618,1538,-1,-1,-1,-1,-1
619,1542,-1,-1,-1,-1,-1
620,1544,-1,-1,-1,-1,-1
621,1546,-1,-1,-1,-1,-1
622,1548,-1,-1,-1,-1,-1
623,1551,-1,-1,-1,-1,-1
624,1552,-1,-1,-1,-1,-1
625,1553,-1,-1,-1,-1,-1
626,1557,-1,-1,-1,-1,-1
627,1561,-1,-1,-1,-1,-1
628,1564,-1,-1,-1,-1,-1
629,1568,-1,-1,-1,-1,-1
630,1572,-1,-1,-1,-1,-1
631,1574,-1,-1,-1,-1,-1
632,1577,-1,-1,-1,-1,-1
633,1579,-1,-1,-1,-1,-1
634,1583,-1,-1,-1,-1,-1
635,1586,-1,-1,-1,-1,-1
636,1588,-1,-1,-1,-1,-1
637,1591,-1,-1,-1,-1,-1
638,1594,-1,-1,-1,-1,-1
639,1596,-1,-1,-1,-1,-1
640,1598,-1,-1,-1,-1,-1
641,1599,-1,-1,-1,-1,-1
642,1602,-1,-1,-1,-1,-1
643,1604,-1,-1,-1,-1,-1
644,1605,-1,-1,-1,-1,-1
645,1606,-1,-1,-1,-1,-1
646,1609,-1,-1,-1,-1,-1
647,1613,-1,-1,-1,-1,-1
648,1614,-1,-1,-1,-1,-1
649,1617,-1,-1,-1,-1,-1
650,1618,-1,-1,-1,-1,-1
651,1621,-1,-1,-1,-1,-1
652,1622,-1,-1,-1,-1,-1
653,1624,-1,-1,-1,-1,-1
654,1626,-1,-1,-1,-1,-1
655,1630,-1,-1,-1,-1,-1
656,1633,-1,-1,-1,-1,-1
657,1637,-1,-1,-1,-1,-1
658,1640,-1,-1,-1,-1,-1
659,1644,-1,-1,-1,-1,-1
660,1648,-1,-1,-1,-1,-1
661,1649,-1,-1,-1,-1,-1
662,1651,-1,-1,-1,-1,-1
663,1654,-1,-1,-1,-1,-1
664,1657,-1,-1,-1,-1,-1
665,1661,-1,-1,-1,-1,-1
666,1665,-1,-1,-1,-1,-1
667,1668,-1,-1,-1,-1,-1
668,1671,-1,-1,-1,-1,-1
669,1674,-1,-1,-1,-1,-1
670,1675,-1,-1,-1,-1,-1
671,1677,-1,-1,-1,-1,-1
672,1679,-1,-1,-1,-1,-1
673,1680,-1,-1,-1,-1,-1
674,1682,-1,-1,-1,-1,-1
675,1683,-1,-1,-1,-1,-1
676,1687,-1,-1,-1,-1,-1
677,1690,-1,-1,-1,-1,-1
678,1694,-1,-1,-1,-1,-1
679,1698,-1,-1,-1,-1,-1
680,1700,-1,-1,-1,-1,-1
681,1703,-1,-1,-1,-1,-1
682,1704,-1,-1,-1,-1,-1
683,1707,-1,-1,-1,-1,-1
684,1711,-1,-1,-1,-1,-1
685,1715,-1,-1,-1,-1,-1
686,1719,-1,-1,-1,-1,-1
687,1721,-1,-1,-1,-1,-1
688,1722,-1,-1,-1,-1,-1
689,1725,-1,-1,-1,-1,-1
690,1728,-1,-1,-1,-1,-1
691,1731,-1,-1,-1,-1,-1
692,1734,-1,-1,-1,-1,-1
693,1738,-1,-1,-1,-1,-1
694,1742,-1,-1,-1,-1,-1
695,1743,-1,-1,-1,-1,-1
696,1744,-1,-1,-1,-1,-1
697,1746,-1,-1,-1,-1,-1
698,1749,-1,-1,-1,-1,-1
699,1750,-1,-1,-1,-1,-1
700,1752,-1,-1,-1,-1,-1
701,1756,-1,-1,-1,-1,-1
702,1759,-1,-1,-1,-1,-1
703,1763,-1,-1,-1,-1,-1
704,1764,-1,-1,-1,-1,-1
705,1768,-1,-1,-1,-1,-1
706,1770,-1,-1,-1,-1,-1
707,1773,-1,-1,-1,-1,-1
708,1775,-1,-1,-1,-1,-1
709,1776,-1,-1,-1,-1,-1
710,1780,-1,-1,-1,-1,-1
711,1784,-1,-1,-1,-1,-1
712,1786,-1,-1,-1,-1,-1
713,1788,-1,-1,-1,-1,-1
714,1790,-1,-1,-1,-1,-1
715,1792,-1,-1,-1,-1,-1
716,1793,-1,-1,-1,-1,-1
717,1795,-1,-1,-1,-1,-1
718,1798,-1,-1,-1,-1,-1
719,1802,-1,-1,-1,-1,-1
720,1805,-1,-1,-1,-1,-1
721,1809,-1,-1,-1,-1,-1
722,1810,-1,-1,-1,-1,-1
723,1814,-1,-1,-1,-1,-1
724,1815,-1,-1,-1,-1,-1
725,1816,-1,-1,-1,-1,-1
726,1817,-1,-1,-1,-1,-1
727,1819,-1,-1,-1,-1,-1
728,1823,-1,-1,-1,-1,-1
729,1827,-1,-1,-1,-1,-1
730,1828,-1,-1,-1,-1,-1
731,1829,-1,-1,-1,-1,-1
732,1831,-1,-1,-1,-1,-1
733,1833,-1,-1,-1,-1,-1
734,1836,-1,-1,-1,-1,-1
735,1839,-1,-1,-1,-1,-1
736,1843,-1,-1,-1,-1,-1
737,1844,-1,-1,-1,-1,-1
738,1847,-1,-1,-1,-1,-1
739,1848,-1,-1,-1,-1,-1
740,1850,-1,-1,-1,-1,-1
741,1854,-1,-1,-1,-1,-1
742,1857,-1,-1,-1,-1,-1
743,1859,-1,-1,-1,-1,-1
744,1862,-1,-1,-1,-1,-1
745,1866,-1,-1,-1,-1,-1
746,1869,-1,-1,-1,-1,-1
747,1870,-1,-1,-1,-1,-1
748,1871,-1,-1,-1,-1,-1
749,1873,-1,-1,-1,-1,-1
750,1874,-1,-1,-1,-1,-1
751,1876,-1,-1,-1,-1,-1
752,1879,-1,-1,-1,-1,-1
753,1881,-1,-1,-1,-1,-1
754,1885,-1,-1,-1,-1,-1
755,1887,-1,-1,-1,-1,-1
756,1891,-1,-1,-1,-1,-1
757,1894,-1,-1,-1,-1,-1
758,1898,-1,-1,-1,-1,-1
759,1899,-1,-1,-1,-1,-1
760,1903,-1,-1,-1,-1,-1
761,1904,-1,-1,-1,-1,-1
762,1907,-1,-1,-1,-1,-1
763,1909,-1,-1,-1,-1,-1
764,1911,-1,-1,-1,-1,-1
765,1915,-1,-1,-1,-1,-1
766,1917,-1,-1,-1,-1,-1
767,1919,-1,-1,-1,-1,-1
768,1923,-1,-1,-1,-1,-1
769,1924,-1,-1,-1,-1,-1
770,1928,-1,-1,-1,-1,-1
771,1932,-1,-1,-1,-1,-1
772,1934,-1,-1,-1,-1,-1
773,1936,-1,-1,-1,-1,-1
774,1939,-1,-1,-1,-1,-1
775,1943,-1,-1,-1,-1,-1
776,1945,-1,-1,-1,-1,-1
777,1947,-1,-1,-1,-1,-1
778,1951,-1,-1,-1,-1,-1
779,1955,-1,-1,-1,-1,-1
780,1959,-1,-1,-1,-1,-1
781,1961,-1,-1,-1,-1,-1
782,1962,-1,-1,-1,-1,-1
783,1964,-1,-1,-1,-1,-1
784,1966,-1,-1,-1,-1,-1
785,1969,-1,-1,-1,-1,-1
786,1973,-1,-1,-1,-1,-1
787,1974,-1,-1,-1,-1,-1
788,1978,-1,-1,-1,-1,-1
789,1982,-1,-1,-1,-1,-1
790,1985,-1,-1,-1,-1,-1
791,1989,-1,-1,-1,-1,-1
792,1993,-1,-1,-1,-1,-1
793,1996,-1,-1,-1,-1,-1
794,1997,-1,-1,-1,-1,-1
795,1999,-1,-1,-1,-1,-1
796,2002,-1,-1,-1,-1,-1
797,2006,-1,-1,-1,-1,-1
798,2009,-1,-1,-1,-1,-1
799,2012,-1,-1,-1,-1,-1
800,2014,-1,-1,-1,-1,-1
801,2015,-1,-1,-1,-1,-1
802,2016,-1,-1,-1,-1,-1
803,2020,-1,-1,-1,-1,-1
804,2023,-1,-1,-1,-1,-1
805,2027,-1,-1,-1,-1,-1
806,2028,-1,-1,-1,-1,-1
807,2030,-1,-1,-1,-1,-1
808,2031,-1,-1,-1,-1,-1
809,2035,-1,-1,-1,-1,-1
810,2037,-1,-1,-1,-1,-1
811,2041,-1,-1,-1,-1,-1
812,2045,-1,-1,-1,-1,-1
813,2047,-1,-1,-1,-1,-1
814,2050,-1,-1,-1,-1,-1
815,2053,-1,-1,-1,-1,-1
816,2055,-1,-1,-1,-1,-1
817,2059,-1,-1,-1,-1,-1
818,2060,-1,-1,-1,-1,-1
819,2064,-1,-1,-1,-1,-1
820,2068,-1,-1,-1,-1,-1
821,2069,-1,-1,-1,-1,-1
822,2071,-1,-1,-1,-1,-1
823,2072,-1,-1,-1,-1,-1
824,2074,-1,-1,-1,-1,-1
825,2078,-1,-1,-1,-1,-1
826,2082,-1,-1,-1,-1,-1
827,2084,-1,-1,-1,-1,-1
828,2087,-1,-1,-1,-1,-1
829,2088,-1,-1,-1,-1,-1
830,2092,-1,-1,-1,-1,-1
831,2094,-1,-1,-1,-1,-1
832,2096,-1,-1,-1,-1,-1
833,2100,-1,-1,-1,-1,-1
834,2103,-1,-1,-1,-1,-1
835,2106,-1,-1,-1,-1,-1
836,2110,-1,-1,-1,-1,-1
837,2112,-1,-1,-1,-1,-1
838,2115,-1,-1,-1,-1,-1
839,2119,-1,-1,-1,-1,-1
840,2123,-1,-1,-1,-1,-1
841,2127,-1,-1,-1,-1,-1
842,2130,-1,-1,-1,-1,-1
843,2133,-1,-1,-1,-1,-1
844,2137,-1,-1,-1,-1,-1
845,2139,-1,-1,-1,-1,-1
846,2142,-1,-1,-1,-1,-1
847,2144,-1,-1,-1,-1,-1
848,2145,-1,-1,-1,-1,-1
849,2149,-1,-1,-1,-1,-1
850,2150,-1,-1,-1,-1,-1
851,2153,-1,-1,-1,-1,-1
852,2154,-1,-1,-1,-1,-1
853,2156,-1,-1,-1,-1,-1
854,2159,-1,-1,-1,-1,-1
855,2163,-1,-1,-1,-1,-1
856,2167,-1,-1,-1,-1,-1
857,2168,-1,-1,-1,-1,-1
858,2171,-1,-1,-1,-1,-1
859,2174,-1,-1,-1,-1,-1
860,2175,-1,-1,-1,-1,-1
861,2178,-1,-1,-1,-1,-1
862,2179,-1,-1,-1,-1,-1
863,2183,-1,-1,-1,-1,-1
864,2186,-1,-1,-1,-1,-1
865,2187,-1,-1,-1,-1,-1
866,2191,-1,-1,-1,-1,-1
867,2194,-1,-1,-1,-1,-1
868,2195,-1,-1,-1,-1,-1
869,2196,-1,-1,-1,-1,-1
870,2198,-1,-1,-1,-1,-1
871,2202,-1,-1,-1,-1,-1
872,2204,-1,-1,-1,-1,-1
873,2208,-1,-1,-1,-1,-1
874,2209,-1,-1,-1,-1,-1
875,2213,-1,-1,-1,-1,-1
876,2215,-1,-1,-1,-1,-1
877,2218,-1,-1,-1,-1,-1
878,2222,-1,-1,-1,-1,-1
879,2226,-1,-1,-1,-1,-1
880,2229,-1,-1,-1,-1,-1
881,2230,-1,-1,-1,-1,-1
882,2233,-1,-1,-1,-1,-1
883,2237,-1,-1,-1,-1,-1
884,2240,-1,-1,-1,-1,-1
885,2244,-1,-1,-1,-1,-1
886,2248,-1,-1,-1,-1,-1
887,2251,-1,-1,-1,-1,-1
888,2255,-1,-1,-1,-1,-1
889,2257,-1,-1,-1,-1,-1
890,2258,-1,-1,-1,-1,-1
891,2260,-1,-1,-1,-1,-1
892,2262,-1,-1,-1,-1,-1
893,2265,-1,-1,-1,-1,-1
894,2266,-1,-1,-1,-1,-1
895,2270,-1,-1,-1,-1,-1
896,2274,-1,-1,-1,-1,-1
897,2275,-1,-1,-1,-1,-1
898,2278,-1,-1,-1,-1,-1
899,2280,-1,-1,-1,-1,-1
900,2283,-1,-1,-1,-1,-1
901,2284,-1,-1,-1,-1,-1
902,2286,-1,-1,-1,-1,-1
903,2288,-1,-1,-1,-1,-1
904,2290,-1,-1,-1,-1,-1
905,2294,-1,-1,-1,-1,-1
906,2296,-1,-1,-1,-1,-1
907,2298,-1,-1,-1,-1,-1
908,2300,-1,-1,-1,-1,-1
909,2302,-1,-1,-1,-1,-1
910,2305,-1,-1,-1,-1,-1
911,2306,-1,-1,-1,-1,-1
912,2307,-1,-1,-1,-1,-1
913,2308,-1,-1,-1,-1,-1
914,2312,-1,-1,-1,-1,-1
915,2315,-1,-1,-1,-1,-1
916,2318,-1,-1,-1,-1,-1
917,2319,-1,-1,-1,-1,-1
918,2320,-1,-1,-1,-1,-1
919,2322,-1,-1,-1,-1,-1
920,2323,-1,-1,-1,-1,-1
921,2325,-1,-1,-1,-1,-1
922,2328,-1,-1,-1,-1,-1
923,2330,-1,-1,-1,-1,-1
924,2332,-1,-1,-1,-1,-1
925,2335,-1,-1,-1,-1,-1
926,2338,-1,-1,-1,-1,-1
927,2341,-1,-1,-1,-1,-1
928,2342,-1,-1,-1,-1,-1
929,2345,-1,-1,-1,-1,-1
930,2347,-1,-1,-1,-1,-1
931,2351,-1,-1,-1,-1,-1
932,2354,-1,-1,-1,-1,-1
933,2358,-1,-1,-1,-1,-1
934,2362,-1,-1,-1,-1,-1
935,2366,-1,-1,-1,-1,-1
936,2367,-1,-1,-1,-1,-1
937,2370,-1,-1,-1,-1,-1
938,2371,-1,-1,-1,-1,-1
939,2375,-1,-1,-1,-1,-1
940,2379,-1,-1,-1,-1,-1
941,2382,-1,-1,-1,-1,-1
942,2386,-1,-1,-1,-1,-1
943,2388,-1,-1,-1,-1,-1
944,2391,-1,-1,-1,-1,-1
945,2392,-1,-1,-1,-1,-1
946,2393,-1,-1,-1,-1,-1
947,2394,-1,-1,-1,-1,-1
948,2398,-1,-1,-1,-1,-1
949,2401,-1,-1,-1,-1,-1
950,2405,-1,-1,-1,-1,-1
951,2407,-1,-1,-1,-1,-1
952,2409,-1,-1,-1,-1,-1
953,2413,-1,-1,-1,-1,-1
954,2414,-1,-1,-1,-1,-1
955,2417,-1,-1,-1,-1,-1
956,2419,-1,-1,-1,-1,-1
957,2422,-1,-1,-1,-1,-1
958,2425,-1,-1,-1,-1,-1
959,2427,-1,-1,-1,-1,-1
960,2428,-1,-1,-1,-1,-1
961,2429,-1,-1,-1,-1,-1
962,2431,-1,-1,-1,-1,-1
963,2432,-1,-1,-1,-1,-1
964,2435,-1,-1,-1,-1,-1
965,2437,-1,-1,-1,-1,-1
966,2441,-1,-1,-1,-1,-1
967,2444,-1,-1,-1,-1,-1
968,2447,-1,-1,-1,-1,-1
969,2448,-1,-1,-1,-1,-1
970,2452,-1,-1,-1,-1,-1
971,2454,-1,-1,-1,-1,-1
972,2458,-1,-1,-1,-1,-1
973,2460,-1,-1,-1,-1,-1
974,2462,-1,-1,-1,-1,-1
975,2463,-1,-1,-1,-1,-1
976,2464,-1,-1,-1,-1,-1
977,2468,-1,-1,-1,-1,-1
978,2470,-1,-1,-1,-1,-1
979,2471,-1,-1,-1,-1,-1
980,2472,-1,-1,-1,-1,-1
981,2476,-1,-1,-1,-1,-1
982,2480,-1,-1,-1,-1,-1
983,2484,-1,-1,-1,-1,-1
984,2487,-1,-1,-1,-1,-1
985,2491,-1,-1,-1,-1,-1
986,2494,-1,-1,-1,-1,-1
987,2498,-1,-1,-1,-1,-1
988,2500,-1,-1,-1,-1,-1
989,2503,-1,-1,-1,-1,-1
990,2504,-1,-1,-1,-1,-1
991,2505,-1,-1,-1,-1,-1
992,2508,-1,-1,-1,-1,-1
993,2512,-1,-1,-1,-1,-1
994,2513,-1,-1,-1,-1,-1
995,2516,-1,-1,-1,-1,-1
996,2518,-1,-1,-1,-1,-1
997,2521,-1,-1,-1,-1,-1
998,2525,-1,-1,-1,-1,-1
999,2526,-1,-1,-1,-1,-1
1000,2529,-1,-1,-1,-1,-1
1001,2530,-1,-1,-1,-1,-1
1002,2531,-1,-1,-1,-1,-1
1003,2533,-1,-1,-1,-1,-1
1004,2535,-1,-1,-1,-1,-1
1005,2536,-1,-1,-1,-1,-1
1006,2538,-1,-1,-1,-1,-1
1007,2540,-1,-1,-1,-1,-1
1008,2543,-1,-1,-1,-1,-1
1009,2544,-1,-1,-1,-1,-1
1010,2548,-1,-1,-1,-1,-1
1011,2549,-1,-1,-1,-1,-1
1012,2551,-1,-1,-1,-1,-1
1013,2552,-1,-1,-1,-1,-1
1014,2554,-1,-1,-1,-1,-1
1015,2557,-1,-1,-1,-1,-1
1016,2560,-1,-1,-1,-1,-1
1017,2563,-1,-1,-1,-1,-1
1018,2567,-1,-1,-1,-1,-1
1019,2571,-1,-1,-1,-1,-1
1020,2575,-1,-1,-1,-1,-1
1021,2579,-1,-1,-1,-1,-1
1022,2580,-1,-1,-1,-1,-1
1023,2584,-1,-1,-1,-1,-1
1024,2586,-1,-1,-1,-1,-1
1025,2590,-1,-1,-1,-1,-1
1026,2592,-1,-1,-1,-1,-1
1027,2593,-1,-1,-1,-1,-1
1028,2595,-1,-1,-1,-1,-1
1029,2596,-1,-1,-1,-1,-1
1030,2598,-1,-1,-1,-1,-1
1031,2600,-1,-1,-1,-1,-1
1032,2604,-1,-1,-1,-1,-1
1033,2605,-1,-1,-1,-1,-1
1034,2607,-1,-1,-1,-1,-1
1035,2608,-1,-1,-1,-1,-1
1036,2609,-1,-1,-1,-1,-1
1037,2612,-1,-1,-1,-1,-1
1038,2616,-1,-1,-1,-1,-1
1039,2617,-1,-1,-1,-1,-1
1040,2620,-1,-1,-1,-1,-1
1041,2624,-1,-1,-1,-1,-1
1042,2627,-1,-1,-1,-1,-1
1043,2629,-1,-1,-1,-1,-1
1044,2633,-1,-1,-1,-1,-1
1045,2635,-1,-1,-1,-1,-1
1046,2637,-1,-1,-1,-1,-1
1047,2638,-1,-1,-1,-1,-1
1048,2640,-1,-1,-1,-1,-1
1049,2644,-1,-1,-1,-1,-1
1050,2647,-1,-1,-1,-1,-1
1051,2649,-1,-1,-1,-1,-1
1052,2651,-1,-1,-1,-1,-1
1053,2652,-1,-1,-1,-1,-1
1054,2653,-1,-1,-1,-1,-1
1055,2656,-1,-1,-1,-1,-1
1056,2659,-1,-1,-1,-1,-1
1057,2663,-1,-1,-1,-1,-1
1058,2664,-1,-1,-1,-1,-1
1059,2667,-1,-1,-1,-1,-1
1060,2670,-1,-1,-1,-1,-1
1061,2673,-1,-1,-1,-1,-1
1062,2677,-1,-1,-1,-1,-1
1063,2680,-1,-1,-1,-1,-1
1064,2683,-1,-1,-1,-1,-1
1065,2684,-1,-1,-1,-1,-1
1066,2685,-1,-1,-1,-1,-1
1067,2689,-1,-1,-1,-1,-1
1068,2693,-1,-1,-1,-1,-1
1069,2694,-1,-1,-1,-1,-1
1070,2698,-1,-1,-1,-1,-1
1071,2699,-1,-1,-1,-1,-1
1072,2703,-1,-1,-1,-1,-1
1073,2704,-1,-1,-1,-1,-1
1074,2707,-1,-1,-1,-1,-1
1075,2710,-1,-1,-1,-1,-1
1076,2712,-1,-1,-1,-1,-1
1077,2713,-1,-1,-1,-1,-1
1078,2715,-1,-1,-1,-1,-1
1079,2717,-1,-1,-1,-1,-1
1080,2721,-1,-1,-1,-1,-1
1081,2724,-1,-1,-1,-1,-1
1082,2725,-1,-1,-1,-1,-1
1083,2728,-1,-1,-1,-1,-1
1084,2732,-1,-1,-1,-1,-1
1085,2733,-1,-1,-1,-1,-1
1086,2734,-1,-1,-1,-1,-1
1087,2737,-1,-1,-1,-1,-1
1088,2739,-1,-1,-1,-1,-1
1089,2742,-1,-1,-1,-1,-1
1090,2745,-1,-1,-1,-1,-1
1091,2748,-1,-1,-1,-1,-1
1092,2751,-1,-1,-1,-1,-1
1093,2752,-1,-1,-1,-1,-1
1094,2754,-1,-1,-1,-1,-1
1095,2756,-1,-1,-1,-1,-1
1096,2757,-1,-1,-1,-1,-1
1097,2761,-1,-1,-1,-1,-1
1098,2764,-1,-1,-1,-1,-1
1099,2766,-1,-1,-1,-1,-1
1100,2768,-1,-1,-1,-1,-1
1101,2771,-1,-1,-1,-1,-1
1102,2773,-1,-1,-1,-1,-1
1103,2776,-1,-1,-1,-1,-1
1104,2778,-1,-1,-1,-1,-1
1105,2779,-1,-1,-1,-1,-1
1106,2780,-1,-1,-1,-1,-1
1107,2781,-1,-1,-1,-1,-1
1108,2782,-1,-1,-1,-1,-1
1109,2786,-1,-1,-1,-1,-1
1110,2787,-1,-1,-1,-1,-1
1111,2789,-1,-1,-1,-1,-1
1112,2790,-1,-1,-1,-1,-1
1113,2792,-1,-1,-1,-1,-1
1114,2796,-1,-1,-1,-1,-1
1115,2797,-1,-1,-1,-1,-1
1116,2798,-1,-1,-1,-1,-1
1117,2801,-1,-1,-1,-1,-1
1118,2805,-1,-1,-1,-1,-1
1119,2808,-1,-1,-1,-1,-1
1120,2812,-1,-1,-1,-1,-1
1121,2815,-1,-1,-1,-1,-1
1122,2819,-1,-1,-1,-1,-1
1123,2823,-1,-1,-1,-1,-1
1124,2825,-1,-1,-1,-1,-1
1125,2829,-1,-1,-1,-1,-1
1126,2831,-1,-1,-1,-1,-1
1127,2834,-1,-1,-1,-1,-1
1128,2835,-1,-1,-1,-1,-1
1129,2836,-1,-1,-1,-1,-1
1130,2837,-1,-1,-1,-1,-1
1131,2840,-1,-1,-1,-1,-1
1132,2841,-1,-1,-1,-1,-1
1133,2844,-1,-1,-1,-1,-1
1134,2848,-1,-1,-1,-1,-1
1135,2850,-1,-1,-1,-1,-1
1136,2852,-1,-1,-1,-1,-1
1137,2855,-1,-1,-1,-1,-1
1138,2858,-1,-1,-1,-1,-1
1139,2860,-1,-1,-1,-1,-1
1140,2862,-1,-1,-1,-1,-1
1141,2863,-1,-1,-1,-1,-1
1142,2865,-1,-1,-1,-1,-1
1143,2866,-1,-1,-1,-1,-1
1144,2870,-1,-1,-1,-1,-1
1145,2872,-1,-1,-1,-1,-1
1146,2876,-1,-1,-1,-1,-1
1147,2879,-1,-1,-1,-1,-1
1148,2882,-1,-1,-1,-1,-1
1149,2883,-1,-1,-1,-1,-1
1150,2886,-1,-1,-1,-1,-1
1151,2889,-1,-1,-1,-1,-1
1152,2890,-1,-1,-1,-1,-1
1153,2891,-1,-1,-1,-1,-1
1154,2894,-1,-1,-1,-1,-1
1155,2898,-1,-1,-1,-1,-1
1156,2901,-1,-1,-1,-1,-1
1157,2902,-1,-1,-1,-1,-1
1158,2904,-1,-1,-1,-1,-1
1159,2906,-1,-1,-1,-1,-1
1160,2907,-1,-1,-1,-1,-1
1161,2908,-1,-1,-1,-1,-1
1162,2909,-1,-1,-1,-1,-1
1163,2910,-1,-1,-1,-1,-1
1164,2911,-1,-1,-1,-1,-1
1165,2912,-1,-1,-1,-1,-1
1166,2916,-1,-1,-1,-1,-1
1167,2917,-1,-1,-1,-1,-1
1168,2920,-1,-1,-1,-1,-1
1169,2922,-1,-1,-1,-1,-1
1170,2925,-1,-1,-1,-1,-1
1171,2929,-1,-1,-1,-1,-1
1172,2933,-1,-1,-1,-1,-1
1173,2936,-1,-1,-1,-1,-1
1174,2938,-1,-1,-1,-1,-1
1175,2940,-1,-1,-1,-1,-1
1176,2944,-1,-1,-1,-1,-1
1177,2945,-1,-1,-1,-1,-1
1178,2948,-1,-1,-1,-1,-1
1179,2950,-1,-1,-1,-1,-1
1180,2951,-1,-1,-1,-1,-1
1181,2955,-1,-1,-1,-1,-1
1182,2959,-1,-1,-1,-1,-1
1183,2960,-1,-1,-1,-1,-1
1184,2964,-1,-1,-1,-1,-1
1185,2967,-1,-1,-1,-1,-1
1186,2968,-1,-1,-1,-1,-1
1187,2969,-1,-1,-1,-1,-1
1188,2970,-1,-1,-1,-1,-1
1189,2971,-1,-1,-1,-1,-1
1190,2972,-1,-1,-1,-1,-1
1191,2975,-1,-1,-1,-1,-1
1192,2977,-1,-1,-1,-1,-1
1193,2980,-1,-1,-1,-1,-1
1194,2981,-1,-1,-1,-1,-1
1195,2983,-1,-1,-1,-1,-1
1196,2985,-1,-1,-1,-1,-1
1197,2989,-1,-1,-1,-1,-1
1198,2992,-1,-1,-1,-1,-1
1199,2995,-1,-1,-1,-1,-1
1200,2997,-1,-1,-1,-1,-1
1201,2998,-1,-1,-1,-1,-1
1202,3001,-1,-1,-1,-1,-1
1203,3003,-1,-1,-1,-1,-1
1204,3006,-1,-1,-1,-1,-1
1205,3007,-1,-1,-1,-1,-1
1206,3010,-1,-1,-1,-1,-1
1207,3012,-1,-1,-1,-1,-1
1208,3015,-1,-1,-1,-1,-1
1209,3019,-1,-1,-1,-1,-1
1210,3023,-1,-1,-1,-1,-1
1211,3025,-1,-1,-1,-1,-1
1212,3028,-1,-1,-1,-1,-1
1213,3031,-1,-1,-1,-1,-1
1214,3032,-1,-1,-1,-1,-1
1215,3036,-1,-1,-1,-1,-1
1216,3040,-1,-1,-1,-1,-1
1217,3041,-1,-1,-1,-1,-1
1218,3044,-1,-1,-1,-1,-1
1219,3045,-1,-1,-1,-1,-1
1220,3048,-1,-1,-1,-1,-1
1221,3051,-1,-1,-1,-1,-1
1222,3055,-1,-1,-1,-1,-1
1223,3059,-1,-1,-1,-1,-1
1224,3063,-1,-1,-1,-1,-1
1225,3065,-1,-1,-1,-1,-1
1226,3067,-1,-1,-1,-1,-1
1227,3071,-1,-1,-1,-1,-1
1228,3072,-1,-1,-1,-1,-1
1229,3076,-1,-1,-1,-1,-1
1230,3078,-1,-1,-1,-1,-1
1231,3081,-1,-1,-1,-1,-1
1232,3082,-1,-1,-1,-1,-1
1233,3086,-1,-1,-1,-1,-1
1234,3089,-1,-1,-1,-1,-1
1235,3090,-1,-1,-1,-1,-1
1236,3094,-1,-1,-1,-1,-1
1237,3098,-1,-1,-1,-1,-1
1238,3099,-1,-1,-1,-1,-1
1239,3100,-1,-1,-1,-1,-1
1240,3103,-1,-1,-1,-1,-1
1241,3106,-1,-1,-1,-1,-1
1242,3107,-1,-1,-1,-1,-1
1243,3108,-1,-1,-1,-1,-1
1244,3110,-1,-1,-1,-1,-1
1245,3114,-1,-1,-1,-1,-1
1246,3117,-1,-1,-1,-1,-1
1247,3119,-1,-1,-1,-1,-1
1248,3121,-1,-1,-1,-1,-1
1249,3122,-1,-1,-1,-1,-1
1250,3125,-1,-1,-1,-1,-1
1251,3128,-1,-1,-1,-1,-1
1252,3129,-1,-1,-1,-1,-1
1253,3130,-1,-1,-1,-1,-1
1254,3131,-1,-1,-1,-1,-1
1255,3133,-1,-1,-1,-1,-1
1256,3137,-1,-1,-1,-1,-1
1257,3141,-1,-1,-1,-1,-1
1258,3142,-1,-1,-1,-1,-1
1259,3145,-1,-1,-1,-1,-1
1260,3147,-1,-1,-1,-1,-1
1261,3148,-1,-1,-1,-1,-1
1262,3151,-1,-1,-1,-1,-1
1263,3153,-1,-1,-1,-1,-1
1264,3154,-1,-1,-1,-1,-1
1265,3155,-1,-1,-1,-1,-1
1266,3158,-1,-1,-1,-1,-1
1267,3160,-1,-1,-1,-1,-1
1268,3163,-1,-1,-1,-1,-1
1269,3164,-1,-1,-1,-1,-1
1270,3168,-1,-1,-1,-1,-1
1271,3172,-1,-1,-1,-1,-1
1272,3175,-1,-1,-1,-1,-1
1273,3179,-1,-1,-1,-1,-1
1274,3180,-1,-1,-1,-1,-1
1275,3184,-1,-1,-1,-1,-1
1276,3185,-1,-1,-1,-1,-1
1277,3186,-1,-1,-1,-1,-1
1278,3189,-1,-1,-1,-1,-1
1279,3190,-1,-1,-1,-1,-1
1280,3192,-1,-1,-1,-1,-1
1281,3193,-1,-1,-1,-1,-1
1282,3194,-1,-1,-1,-1,-1
1283,3196,-1,-1,-1,-1,-1
1284,3200,-1,-1,-1,-1,-1
1285,3202,-1,-1,-1,-1,-1
1286,3206,-1,-1,-1,-1,-1
1287,3208,-1,-1,-1,-1,-1
1288,3211,-1,-1,-1,-1,-1
1289,3212,-1,-1,-1,-1,-1
1290,3214,-1,-1,-1,-1,-1
1291,3218,-1,-1,-1,-1,-1
1292,3221,-1,-1,-1,-1,-1
1293,3224,-1,-1,-1,-1,-1
1294,3227,-1,-1,-1,-1,-1
1295,3230,-1,-1,-1,-1,-1
1296,3234,-1,-1,-1,-1,-1
1297,3237,-1,-1,-1,-1,-1
1298,3241,-1,-1,-1,-1,-1
1299,3243,-1,-1,-1,-1,-1
1300,3245,-1,-1,-1,-1,-1
1301,3249,-1,-1,-1,-1,-1
1302,3253,-1,-1,-1,-1,-1
1303,3255,-1,-1,-1,-1,-1
1304,3257,-1,-1,-1,-1,-1
1305,3260,-1,-1,-1,-1,-1
1306,3262,-1,-1,-1,-1,-1
1307,3263,-1,-1,-1,-1,-1
1308,3267,-1,-1,-1,-1,-1
1309,3268,-1,-1,-1,-1,-1
1310,3272,-1,-1,-1,-1,-1
1311,3274,-1,-1,-1,-1,-1
1312,3276,-1,-1,-1,-1,-1
1313,3279,-1,-1,-1,-1,-1
1314,3283,-1,-1,-1,-1,-1
1315,3286,-1,-1,-1,-1,-1
1316,3288,-1,-1,-1,-1,-1
1317,3292,-1,-1,-1,-1,-1
1318,3295,-1,-1,-1,-1,-1
1319,3299,-1,-1,-1,-1,-1
1320,3303,-1,-1,-1,-1,-1
1321,3304,-1,-1,-1,-1,-1
1322,3307,-1,-1,-1,-1,-1
1323,3308,-1,-1,-1,-1,-1
1324,3312,-1,-1,-1,-1,-1
1325,3313,-1,-1,-1,-1,-1
1326,3315,-1,-1,-1,-1,-1
1327,3319,-1,-1,-1,-1,-1
1328,3322,-1,-1,-1,-1,-1
1329,3324,-1,-1,-1,-1,-1
1330,3328,-1,-1,-1,-1,-1
1331,3329,-1,-1,-1,-1,-1
1332,3332,-1,-1,-1,-1,-1
1333,3333,-1,-1,-1,-1,-1
1334,3336,-1,-1,-1,-1,-1
1335,3339,-1,-1,-1,-1,-1
1336,3343,-1,-1,-1,-1,-1
1337,3347,-1,-1,-1,-1,-1
1338,3350,-1,-1,-1,-1,-1
1339,3352,-1,-1,-1,-1,-1
1340,3356,-1,-1,-1,-1,-1
1341,3359,-1,-1,-1,-1,-1
1342,3361,-1,-1,-1,-1,-1
1343,3363,-1,-1,-1,-1,-1
1344,3367,-1,-1,-1,-1,-1
1345,3370,-1,-1,-1,-1,-1
1346,3374,-1,-1,-1,-1,-1
1347,3375,-1,-1,-1,-1,-1
1348,3379,-1,-1,-1,-1,-1
1349,3380,-1,-1,-1,-1,-1
1350,3381,-1,-1,-1,-1,-1
1351,3384,-1,-1,-1,-1,-1
1352,3386,-1,-1,-1,-1,-1
1353,3387,-1,-1,-1,-1,-1
1354,3390,-1,-1,-1,-1,-1
1355,3393,-1,-1,-1,-1,-1
1356,3396,-1,-1,-1,-1,-1
1357,3398,-1,-1,-1,-1,-1
1358,3402,-1,-1,-1,-1,-1
1359,3404,-1,-1,-1,-1,-1
1360,3405,-1,-1,-1,-1,-1
1361,3408,-1,-1,-1,-1,-1
1362,3409,-1,-1,-1,-1,-1
1363,3410,-1,-1,-1,-1,-1
1364,3414,-1,-1,-1,-1,-1
1365,3417,-1,-1,-1,-1,-1
1366,3420,-1,-1,-1,-1,-1
1367,3424,-1,-1,-1,-1,-1
1368,3426,-1,-1,-1,-1,-1
1369,3429,-1,-1,-1,-1,-1
1370,3433,-1,-1,-1,-1,-1
1371,3434,-1,-1,-1,-1,-1
1372,3435,-1,-1,-1,-1,-1
1373,3438,-1,-1,-1,-1,-1
1374,3439,-1,-1,-1,-1,-1
1375,3441,-1,-1,-1,-1,-1
1376,3442,-1,-1,-1,-1,-1
1377,3446,-1,-1,-1,-1,-1
1378,3450,-1,-1,-1,-1,-1
1379,3454,-1,-1,-1,-1,-1
1380,3458,-1,-1,-1,-1,-1
1381,3461,-1,-1,-1,-1,-1
1382,3463,-1,-1,-1,-1,-1
1383,3467,-1,-1,-1,-1,-1
1384,3469,-1,-1,-1,-1,-1
1385,3472,-1,-1,-1,-1,-1
1386,3476,-1,-1,-1,-1,-1
1387,3479,-1,-1,-1,-1,-1
1388,3481,-1,-1,-1,-1,-1
1389,3484,-1,-1,-1,-1,-1
1390,3488,-1,-1,-1,-1,-1
1391,3489,-1,-1,-1,-1,-1
1392,3490,-1,-1,-1,-1,-1
1393,3494,-1,-1,-1,-1,-1
1394,3497,-1,-1,-1,-1,-1
1395,3498,-1,-1,-1,-1,-1
1396,3500,-1,-1,-1,-1,-1
1397,3504,-1,-1,-1,-1,-1
1398,3507,-1,-1,-1,-1,-1
1399,3510,-1,-1,-1,-1,-1
1400,3514,-1,-1,-1,-1,-1
1401,3515,-1,-1,-1,-1,-1
1402,3518,-1,-1,-1,-1,-1
1403,3522,-1,-1,-1,-1,-1
1404,3525,-1,-1,-1,-1,-1
1405,3526,-1,-1,-1,-1,-1
1406,3527,-1,-1,-1,-1,-1
1407,3531,-1,-1,-1,-1,-1
1408,3534,-1,-1,-1,-1,-1
1409,3535,-1,-1,-1,-1,-1
1410,3537,-1,-1,-1,-1,-1
1411,3538,-1,-1,-1,-1,-1
1412,3540,-1,-1,-1,-1,-1
1413,3543,-1,-1,-1,-1,-1
1414,3545,-1,-1,-1,-1,-1
1415,3546,-1,-1,-1,-1,-1
1416,3549,-1,-1,-1,-1,-1
1417,3551,-1,-1,-1,-1,-1
1418,3555,-1,-1,-1,-1,-1
1419,3557,-1,-1,-1,-1,-1
1420,3561,-1,-1,-1,-1,-1
1421,3564,-1,-1,-1,-1,-1
1422,3568,-1,-1,-1,-1,-1
1423,3569,-1,-1,-1,-1,-1
1424,3571,-1,-1,-1,-1,-1
1425,3572,-1,-1,-1,-1,-1
1426,3574,-1,-1,-1,-1,-1
1427,3578,-1,-1,-1,-1,-1
1428,3582,-1,-1,-1,-1,-1
1429,3583,-1,-1,-1,-1,-1
1430,3587,-1,-1,-1,-1,-1
1431,3590,-1,-1,-1,-1,-1
1432,3594,-1,-1,-1,-1,-1
1433,3598,-1,-1,-1,-1,-1
1434,3600,-1,-1,-1,-1,-1
1435,3603,-1,-1,-1,-1,-1
1436,3604,-1,-1,-1,-1,-1
1437,3607,-1,-1,-1,-1,-1
1438,3610,-1,-1,-1,-1,-1
1439,3612,-1,-1,-1,-1,-1
1440,3614,-1,-1,-1,-1,-1
1441,3617,-1,-1,-1,-1,-1
1442,3619,-1,-1,-1,-1,-1
1443,3622,-1,-1,-1,-1,-1
1444,3623,-1,-1,-1,-1,-1
1445,3627,-1,-1,-1,-1,-1
1446,3629,-1,-1,-1,-1,-1
1447,3631,-1,-1,-1,-1,-1
1448,3633,-1,-1,-1,-1,-1
1449,3634,-1,-1,-1,-1,-1
1450,3636,-1,-1,-1,-1,-1
1451,3637,-1,-1,-1,-1,-1
1452,3639,-1,-1,-1,-1,-1
1453,3641,-1,-1,-1,-1,-1
1454,3643,-1,-1,-1,-1,-1
1455,3647,-1,-1,-1,-1,-1
1456,3651,-1,-1,-1,-1,-1
1457,3653,-1,-1,-1,-1,-1
1458,3654,-1,-1,-1,-1,-1
1459,3655,-1,-1,-1,-1,-1
1460,3657,-1,-1,-1,-1,-1
1461,3658,-1,-1,-1,-1,-1
1462,3661,-1,-1,-1,-1,-1
1463,3664,-1,-1,-1,-1,-1
1464,3665,-1,-1,-1,-1,-1
1465,3668,-1,-1,-1,-1,-1
1466,3670,-1,-1,-1,-1,-1
1467,3671,-1,-1,-1,-1,-1
1468,3673,-1,-1,-1,-1,-1
1469,3676,-1,-1,-1,-1,-1
1470,3679,-1,-1,-1,-1,-1
1471,3681,-1,-1,-1,-1,-1
1472,3685,-1,-1,-1,-1,-1
1473,3688,-1,-1,-1,-1,-1
1474,3692,-1,-1,-1,-1,-1
1475,3694,-1,-1,-1,-1,-1
1476,3696,-1,-1,-1,-1,-1
1477,3699,-1,-1,-1,-1,-1
1478,3701,-1,-1,-1,-1,-1
1479,3705,-1,-1,-1,-1,-1
1480,3706,-1,-1,-1,-1,-1
1481,3708,-1,-1,-1,-1,-1
1482,3710,-1,-1,-1,-1,-1
1483,3714,-1,-1,-1,-1,-1
1484,3718,-1,-1,-1,-1,-1
1485,3722,-1,-1,-1,-1,-1
1486,3724,-1,-1,-1,-1,-1
1487,3727,-1,-1,-1,-1,-1
1488,3731,-1,-1,-1,-1,-1
1489,3735,-1,-1,-1,-1,-1
1490,3738,-1,-1,-1,-1,-1
1491,3740,-1,-1,-1,-1,-1
1492,3743,-1,-1,-1,-1,-1
1493,3744,-1,-1,-1,-1,-1
1494,3748,-1,-1,-1,-1,-1
1495,3750,-1,-1,-1,-1,-1
1496,3751,-1,-1,-1,-1,-1
1497,3755,-1,-1,-1,-1,-1
1498,3758,-1,-1,-1,-1,-1
1499,3760,-1,-1,-1,-1,-1
1500,3762,-1,-1,-1,-1,-1
1501,3765,-1,-1,-1,-1,-1
1502,3766,-1,-1,-1,-1,-1
1503,3767,-1,-1,-1,-1,-1
1504,3769,-1,-1,-1,-1,-1
1505,3773,-1,-1,-1,-1,-1
1506,3777,-1,-1,-1,-1,-1
1507,3780,-1,-1,-1,-1,-1
1508,3783,-1,-1,-1,-1,-1
1509,3787,-1,-1,-1,-1,-1
1510,3791,-1,-1,-1,-1,-1
1511,3795,-1,-1,-1,-1,-1
1512,3798,-1,-1,-1,-1,-1
1513,3800,-1,-1,-1,-1,-1
1514,3802,-1,-1,-1,-1,-1
1515,3806,-1,-1,-1,-1,-1
1516,3809,-1,-1,-1,-1,-1
1517,3810,-1,-1,-1,-1,-1
1518,3813,-1,-1,-1,-1,-1
1519,3817,-1,-1,-1,-1,-1
1520,3819,-1,-1,-1,-1,-1
1521,3821,-1,-1,-1,-1,-1
1522,3823,-1,-1,-1,-1,-1
1523,3824,-1,-1,-1,-1,-1
1524,3826,-1,-1,-1,-1,-1
1525,3830,-1,-1,-1,-1,-1
1526,3831,-1,-1,-1,-1,-1
1527,3835,-1,-1,-1,-1,-1
1528,3836,-1,-1,-1,-1,-1
1529,3839,-1,-1,-1,-1,-1
1530,3841,-1,-1,-1,-1,-1
1531,3844,-1,-1,-1,-1,-1
1532,3847,-1,-1,-1,-1,-1
1533,3849,-1,-1,-1,-1,-1
1534,3853,-1,-1,-1,-1,-1
1535,3856,-1,-1,-1,-1,-1
1536,3859,-1,-1,-1,-1,-1
1537,3861,-1,-1,-1,-1,-1
1538,3862,-1,-1,-1,-1,-1
1539,3863,-1,-1,-1,-1,-1
1540,3867,-1,-1,-1,-1,-1
1541,3871,-1,-1,-1,-1,-1
1542,3874,-1,-1,-1,-1,-1
1543,3875,-1,-1,-1,-1,-1
1544,3879,-1,-1,-1,-1,-1
1545,3882,-1,-1,-1,-1,-1
1546,3886,-1,-1,-1,-1,-1
1547,3890,-1,-1,-1,-1,-1
1548,3893,-1,-1,-1,-1,-1
1549,3897,-1,-1,-1,-1,-1
1550,3900,-1,-1,-1,-1,-1
1551,3904,-1,-1,-1,-1,-1
1552,3905,-1,-1,-1,-1,-1
1553,3909,-1,-1,-1,-1,-1
1554,3911,-1,-1,-1,-1,-1
1555,3912,-1,-1,-1,-1,-1
1556,3913,-1,-1,-1,-1,-1
1557,3916,-1,-1,-1,-1,-1
1558,3919,-1,-1,-1,-1,-1
1559,3921,-1,-1,-1,-1,-1
1560,3923,-1,-1,-1,-1,-1
1561,3927,-1,-1,-1,-1,-1
1562,3931,-1,-1,-1,-1,-1
1563,3932,-1,-1,-1,-1,-1
1564,3933,-1,-1,-1,-1,-1
1565,3935,-1,-1,-1,-1,-1
1566,3939,-1,-1,-1,-1,-1
1567,3940,-1,-1,-1,-1,-1
1568,3941,-1,-1,-1,-1,-1
1569,3942,-1,-1,-1,-1,-1
1570,3946,-1,-1,-1,-1,-1
1571,3949,-1,-1,-1,-1,-1
1572,3952,-1,-1,-1,-1,-1
1573,3955,-1,-1,-1,-1,-1
1574,3956,-1,-1,-1,-1,-1
1575,3960,-1,-1,-1,-1,-1
1576,3962,-1,-1,-1,-1,-1
1577,3964,-1,-1,-1,-1,-1
1578,3967,-1,-1,-1,-1,-1
1579,3968,-1,-1,-1,-1,-1
1580,3970,-1,-1,-1,-1,-1
1581,3971,-1,-1,-1,-1,-1
1582,3975,-1,-1,-1,-1,-1
1583,3979,-1,-1,-1,-1,-1
1584,3983,-1,-1,-1,-1,-1
1585,3985,-1,-1,-1,-1,-1
1586,3986,-1,-1,-1,-1,-1
1587,3987,-1,-1,-1,-1,-1
1588,3991,-1,-1,-1,-1,-1
1589,3992,-1,-1,-1,-1,-1
1590,3995,-1,-1,-1,-1,-1
1591,3998,-1,-1,-1,-1,-1
1592,3999,-1,-1,-1,-1,-1
1593,4000,-1,-1,-1,-1,-1
1594,4002,-1,-1,-1,-1,-1
1595,4004,-1,-1,-1,-1,-1
1596,4008,-1,-1,-1,-1,-1
1597,4009,-1,-1,-1,-1,-1
1598,4010,-1,-1,-1,-1,-1
1599,4012,-1,-1,-1,-1,-1
1600,4014,-1,-1,-1,-1,-1
1601,4017,-1,-1,-1,-1,-1
1602,4019,-1,-1,-1,-1,-1
1603,4023,-1,-1,-1,-1,-1
1604,4026,-1,-1,-1,-1,-1
1605,4029,-1,-1,-1,-1,-1
1606,4033,-1,-1,-1,-1,-1
1607,4034,-1,-1,-1,-1,-1
1608,4035,-1,-1,-1,-1,-1
1609,4037,-1,-1,-1,-1,-1
1610,4040,-1,-1,-1,-1,-1
1611,4044,-1,-1,-1,-1,-1
1612,4045,-1,-1,-1,-1,-1
1613,4046,-1,-1,-1,-1,-1
1614,4048,-1,-1,-1,-1,-1
1615,4051,-1,-1,-1,-1,-1
1616,4053,-1,-1,-1,-1,-1
1617,4054,-1,-1,-1,-1,-1
1618,4055,-1,-1,-1,-1,-1
1619,4058,-1,-1,-1,-1,-1
1620,4060,-1,-1,-1,-1,-1
1621,4063,-1,-1,-1,-1,-1
1622,4066,-1,-1,-1,-1,-1
1623,4067,-1,-1,-1,-1,-1
1624,4070,-1,-1,-1,-1,-1
1625,4072,-1,-1,-1,-1,-1
1626,4075,-1,-1,-1,-1,-1
1627,4078,-1,-1,-1,-1,-1
1628,4080,-1,-1,-1,-1,-1
1629,4081,-1,-1,-1,-1,-1
1630,4085,-1,-1,-1,-1,-1
1631,4087,-1,-1,-1,-1,-1
1632,4091,-1,-1,-1,-1,-1
1633,4092,-1,-1,-1,-1,-1
1634,4095,-1,-1,-1,-1,-1
1635,4098,-1,-1,-1,-1,-1
1636,4100,-1,-1,-1,-1,-1
1637,4103,-1,-1,-1,-1,-1
1638,4107,-1,-1,-1,-1,-1
1639,4108,-1,-1,-1,-1,-1
1640,4111,-1,-1,-1,-1,-1
1641,4113,-1,-1,-1,-1,-1
1642,4117,-1,-1,-1,-1,-1
1643,4121,-1,-1,-1,-1,-1
1644,4122,-1,-1,-1,-1,-1
1645,4124,-1,-1,-1,-1,-1
1646,4128,-1,-1,-1,-1,-1
1647,4132,-1,-1,-1,-1,-1
1648,4136,-1,-1,-1,-1,-1
1649,4138,-1,-1,-1,-1,-1
1650,4139,-1,-1,-1,-1,-1
1651,4141,-1,-1,-1,-1,-1
1652,4145,-1,-1,-1,-1,-1
1653,4148,-1,-1,-1,-1,-1
1654,4151,-1,-1,-1,-1,-1
1655,4152,-1,-1,-1,-1,-1
1656,4154,-1,-1,-1,-1,-1
1657,4157,-1,-1,-1,-1,-1
1658,4160,-1,-1,-1,-1,-1
1659,4163,-1,-1,-1,-1,-1
1660,4165,-1,-1,-1,-1,-1
1661,4168,-1,-1,-1,-1,-1
1662,4172,-1,-1,-1,-1,-1
1663,4175,-1,-1,-1,-1,-1
1664,4179,-1,-1,-1,-1,-1
1665,4183,-1,-1,-1,-1,-1
1666,4187,-1,-1,-1,-1,-1
1667,4188,-1,-1,-1,-1,-1
1668,4191,-1,-1,-1,-1,-1
1669,4192,-1,-1,-1,-1,-1
1670,4196,-1,-1,-1,-1,-1
1671,4199,-1,-1,-1,-1,-1
1672,4202,-1,-1,-1,-1,-1
1673,4204,-1,-1,-1,-1,-1
1674,4208,-1,-1,-1,-1,-1
1675,4210,-1,-1,-1,-1,-1
1676,4211,-1,-1,-1,-1,-1
1677,4212,-1,-1,-1,-1,-1
1678,4215,-1,-1,-1,-1,-1
1679,4216,-1,-1,-1,-1,-1
1680,4218,-1,-1,-1,-1,-1
1681,4220,-1,-1,-1,-1,-1
1682,4222,-1,-1,-1,-1,-1
1683,4224,-1,-1,-1,-1,-1
1684,4226,-1,-1,-1,-1,-1
1685,4230,-1,-1,-1,-1,-1
1686,4232,-1,-1,-1,-1,-1
1687,4233,-1,-1,-1,-1,-1
1688,4236,-1,-1,-1,-1,-1
1689,4238,-1,-1,-1,-1,-1
1690,4242,-1,-1,-1,-1,-1
1691,4243,-1,-1,-1,-1,-1
1692,4247,-1,-1,-1,-1,-1
1693,4250,-1,-1,-1,-1,-1
1694,4252,-1,-1,-1,-1,-1
1695,4256,-1,-1,-1,-1,-1
1696,4259,-1,-1,-1,-1,-1
1697,4262,-1,-1,-1,-1,-1
1698,4266,-1,-1,-1,-1,-1
1699,4270,-1,-1,-1,-1,-1
1700,4274,-1,-1,-1,-1,-1
1701,4277,-1,-1,-1,-1,-1
1702,4281,-1,-1,-1,-1,-1
1703,4285,-1,-1,-1,-1,-1
1704,4286,-1,-1,-1,-1,-1
1705,4287,-1,-1,-1,-1,-1
1706,4289,-1,-1,-1,-1,-1
1707,4290,-1,-1,-1,-1,-1
1708,4293,-1,-1,-1,-1,-1
1709,4294,-1,-1,-1,-1,-1
1710,4296,-1,-1,-1,-1,-1
1711,4297,-1,-1,-1,-1,-1
1712,4301,-1,-1,-1,-1,-1
1713,4305,-1,-1,-1,-1,-1
1714,4309,-1,-1,-1,-1,-1
1715,4312,-1,-1,-1,-1,-1
1716,4313,-1,-1,-1,-1,-1
1717,4317,-1,-1,-1,-1,-1
1718,4320,-1,-1,-1,-1,-1
1719,4324,-1,-1,-1,-1,-1
1720,4327,-1,-1,-1,-1,-1
1721,4329,-1,-1,-1,-1,-1
1722,4330,-1,-1,-1,-1,-1
1723,4334,-1,-1,-1,-1,-1
1724,4335,-1,-1,-1,-1,-1
1725,4338,-1,-1,-1,-1,-1
1726,4339,-1,-1,-1,-1,-1
1727,4343,-1,-1,-1,-1,-1
1728,4345,-1,-1,-1,-1,-1
1729,4346,-1,-1,-1,-1,-1
1730,4347,-1,-1,-1,-1,-1
1731,4349,-1,-1,-1,-1,-1
1732,4351,-1,-1,-1,-1,-1
1733,4352,-1,-1,-1,-1,-1
1734,4354,-1,-1,-1,-1,-1
1735,4357,-1,-1,-1,-1,-1
1736,4358,-1,-1,-1,-1,-1
1737,4361,-1,-1,-1,-1,-1
1738,4364,-1,-1,-1,-1,-1
1739,4365,-1,-1,-1,-1,-1
1740,4368,-1,-1,-1,-1,-1
1741,4371,-1,-1,-1,-1,-1
1742,4375,-1,-1,-1,-1,-1
1743,4378,-1,-1,-1,-1,-1
1744,4380,-1,-1,-1,-1,-1
1745,4384,-1,-1,-1,-1,-1
1746,4388,-1,-1,-1,-1,-1
1747,4391,-1,-1,-1,-1,-1
1748,4394,-1,-1,-1,-1,-1
1749,4396,-1,-1,-1,-1,-1
1750,4398,-1,-1,-1,-1,-1
1751,4402,-1,-1,-1,-1,-1
1752,4404,-1,-1,-1,-1,-1
1753,4407,-1,-1,-1,-1,-1
1754,4410,-1,-1,-1,-1,-1
1755,4411,-1,-1,-1,-1,-1
1756,4414,-1,-1,-1,-1,-1
1757,4418,-1,-1,-1,-1,-1
1758,4422,-1,-1,-1,-1,-1
1759,4424,-1,-1,-1,-1,-1
1760,4427,-1,-1,-1,-1,-1
1761,4431,-1,-1,-1,-1,-1
1762,4435,-1,-1,-1,-1,-1
1763,4439,-1,-1,-1,-1,-1
1764,4440,-1,-1,-1,-1,-1
1765,4442,-1,-1,-1,-1,-1
1766,4445,-1,-1,-1,-1,-1
1767,4446,-1,-1,-1,-1,-1
1768,4447,-1,-1,-1,-1,-1
1769,4448,-1,-1,-1,-1,-1
1770,4450,-1,-1,-1,-1,-1
1771,4451,-1,-1,-1,-1,-1
1772,4452,-1,-1,-1,-1,-1
1773,4456,-1,-1,-1,-1,-1
1774,4459,-1,-1,-1,-1,-1
1775,4461,-1,-1,-1,-1,-1
1776,4463,-1,-1,-1,-1,-1
1777,4464,-1,-1,-1,-1,-1
1778,4465,-1,-1,-1,-1,-1
1779,4469,-1,-1,-1,-1,-1
1780,4471,-1,-1,-1,-1,-1
1781,4474,-1,-1,-1,-1,-1
1782,4477,-1,-1,-1,-1,-1
1783,4478,-1,-1,-1,-1,-1
1784,4482,-1,-1,-1,-1,-1
1785,4486,-1,-1,-1,-1,-1
1786,4488,-1,-1,-1,-1,-1
1787,4489,-1,-1,-1,-1,-1
1788,4492,-1,-1,-1,-1,-1
1789,4496,-1,-1,-1,-1,-1
1790,4498,-1,-1,-1,-1,-1
1791,4502,-1,-1,-1,-1,-1
1792,4503,-1,-1,-1,-1,-1
1793,4507,-1,-1,-1,-1,-1
1794,4510,-1,-1,-1,-1,-1
1795,4512,-1,-1,-1,-1,-1
1796,4513,-1,-1,-1,-1,-1
1797,4517,-1,-1,-1,-1,-1
1798,4520,-1,-1,-1,-1,-1
1799,4523,-1,-1,-1,-1,-1
1800,4524,-1,-1,-1,-1,-1
1801,4526,-1,-1,-1,-1,-1
1802,4528,-1,-1,-1,-1,-1
1803,4530,-1,-1,-1,-1,-1
1804,4531,-1,-1,-1,-1,-1
1805,4534,-1,-1,-1,-1,-1
1806,4538,-1,-1,-1,-1,-1
1807,4541,-1,-1,-1,-1,-1
1808,4542,-1,-1,-1,-1,-1
1809,4546,-1,-1,-1,-1,-1
1810,4548,-1,-1,-1,-1,-1
1811,4552,-1,-1,-1,-1,-1
1812,4555,-1,-1,-1,-1,-1
1813,4557,-1,-1,-1,-1,-1
1814,4561,-1,-1,-1,-1,-1
1815,4563,-1,-1,-1,-1,-1
1816,4566,-1,-1,-1,-1,-1
1817,4570,-1,-1,-1,-1,-1
1818,4571,-1,-1,-1,-1,-1
1819,4572,-1,-1,-1,-1,-1
1820,4574,-1,-1,-1,-1,-1
1821,4575,-1,-1,-1,-1,-1
1822,4578,-1,-1,-1,-1,-1
1823,4582,-1,-1,-1,-1,-1
1824,4584,-1,-1,-1,-1,-1
1825,4585,-1,-1,-1,-1,-1
1826,4588,-1,-1,-1,-1,-1
1827,4590,-1,-1,-1,-1,-1
1828,4594,-1,-1,-1,-1,-1
1829,4596,-1,-1,-1,-1,-1
1830,4598,-1,-1,-1,-1,-1
1831,4600,-1,-1,-1,-1,-1
1832,4602,-1,-1,-1,-1,-1
1833,4606,-1,-1,-1,-1,-1
1834,4609,-1,-1,-1,-1,-1
1835,4610,-1,-1,-1,-1,-1
1836,4613,-1,-1,-1,-1,-1
1837,4616,-1,-1,-1,-1,-1
1838,4620,-1,-1,-1,-1,-1
1839,4622,-1,-1,-1,-1,-1
1840,4623,-1,-1,-1,-1,-1
1841,4627,-1,-1,-1,-1,-1
1842,4631,-1,-1,-1,-1,-1
1843,4633,-1,-1,-1,-1,-1
1844,4634,-1,-1,-1,-1,-1
1845,4637,-1,-1,-1,-1,-1
1846,4638,-1,-1,-1,-1,-1
1847,4640,-1,-1,-1,-1,-1
1848,4641,-1,-1,-1,-1,-1
1849,4642,-1,-1,-1,-1,-1
1850,4645,-1,-1,-1,-1,-1
1851,4649,-1,-1,-1,-1,-1
1852,4652,-1,-1,-1,-1,-1
1853,4654,-1,-1,-1,-1,-1
1854,4658,-1,-1,-1,-1,-1
1855,4659,-1,-1,-1,-1,-1
1856,4661,-1,-1,-1,-1,-1
1857,4663,-1,-1,-1,-1,-1
1858,4667,-1,-1,-1,-1,-1
1859,4671,-1,-1,-1,-1,-1
1860,4673,-1,-1,-1,-1,-1
1861,4677,-1,-1,-1,-1,-1
1862,4679,-1,-1,-1,-1,-1
1863,4681,-1,-1,-1,-1,-1
1864,4684,-1,-1,-1,-1,-1
1865,4687,-1,-1,-1,-1,-1
1866,4690,-1,-1,-1,-1,-1
1867,4693,-1,-1,-1,-1,-1
1868,4697,-1,-1,-1,-1,-1
1869,4701,-1,-1,-1,-1,-1
1870,4703,-1,-1,-1,-1,-1
1871,4706,-1,-1,-1,-1,-1
1872,4709,-1,-1,-1,-1,-1
1873,4713,-1,-1,-1,-1,-1
1874,4717,-1,-1,-1,-1,-1
1875,4721,-1,-1,-1,-1,-1
1876,4722,-1,-1,-1,-1,-1
1877,4724,-1,-1,-1,-1,-1
1878,4725,-1,-1,-1,-1,-1
1879,4727,-1,-1,-1,-1,-1
1880,4729,-1,-1,-1,-1,-1
1881,4733,-1,-1,-1,-1,-1
1882,4737,-1,-1,-1,-1,-1
1883,4739,-1,-1,-1,-1,-1
1884,4743,-1,-1,-1,-1,-1
1885,4744,-1,-1,-1,-1,-1
1886,4747,-1,-1,-1,-1,-1
1887,4748,-1,-1,-1,-1,-1
1888,4750,-1,-1,-1,-1,-1
1889,4751,-1,-1,-1,-1,-1
1890,4753,-1,-1,-1,-1,-1
1891,4756,-1,-1,-1,-1,-1
1892,4758,-1,-1,-1,-1,-1
1893,4760,-1,-1,-1,-1,-1
1894,4762,-1,-1,-1,-1,-1
1895,4764,-1,-1,-1,-1,-1
1896,4766,-1,-1,-1,-1,-1
1897,4768,-1,-1,-1,-1,-1
1898,4771,-1,-1,-1,-1,-1
1899,4775,-1,-1,-1,-1,-1
1900,4778,-1,-1,-1,-1,-1
1901,4780,-1,-1,-1,-1,-1
1902,4781,-1,-1,-1,-1,-1
1903,4785,-1,-1,-1,-1,-1
1904,4789,-1,-1,-1,-1,-1
1905,4793,-1,-1,-1,-1,-1
1906,4795,-1,-1,-1,-1,-1
1907,4797,-1,-1,-1,-1,-1
1908,4800,-1,-1,-1,-1,-1
1909,4801,-1,-1,-1,-1,-1
1910,4805,-1,-1,-1,-1,-1
1911,4807,-1,-1,-1,-1,-1
1912,4808,-1,-1,-1,-1,-1
1913,4809,-1,-1,-1,-1,-1
1914,4810,-1,-1,-1,-1,-1
1915,4813,-1,-1,-1,-1,-1
1916,4816,-1,-1,-1,-1,-1
1917,4819,-1,-1,-1,-1,-1
1918,4823,-1,-1,-1,-1,-1
1919,4826,-1,-1,-1,-1,-1
1920,4827,-1,-1,-1,-1,-1
1921,4831,-1,-1,-1,-1,-1
1922,4835,-1,-1,-1,-1,-1
1923,4839,-1,-1,-1,-1,-1
1924,4841,-1,-1,-1,-1,-1
1925,4844,-1,-1,-1,-1,-1
1926,4846,-1,-1,-1,-1,-1
1927,4849,-1,-1,-1,-1,-1
1928,4853,-1,-1,-1,-1,-1
1929,4857,-1,-1,-1,-1,-1
1930,4858,-1,-1,-1,-1,-1
1931,4860,-1,-1,-1,-1,-1
1932,4863,-1,-1,-1,-1,-1
1933,4866,-1,-1,-1,-1,-1
1934,4869,-1,-1,-1,-1,-1
1935,4872,-1,-1,-1,-1,-1
1936,4876,-1,-1,-1,-1,-1
1937,4879,-1,-1,-1,-1,-1
1938,4881,-1,-1,-1,-1,-1
1939,4882,-1,-1,-1,-1,-1
1940,4885,-1,-1,-1,-1,-1
1941,4887,-1,-1,-1,-1,-1
1942,4888,-1,-1,-1,-1,-1
1943,4890,-1,-1,-1,-1,-1
1944,4892,-1,-1,-1,-1,-1
1945,4893,-1,-1,-1,-1,-1
1946,4895,-1,-1,-1,-1,-1
1947,4899,-1,-1,-1,-1,-1
1948,4900,-1,-1,-1,-1,-1
1949,4902,-1,-1,-1,-1,-1
1950,4906,-1,-1,-1,-1,-1
1951,4909,-1,-1,-1,-1,-1
1952,4910,-1,-1,-1,-1,-1
1953,4912,-1,-1,-1,-1,-1
1954,4916,-1,-1,-1,-1,-1
1955,4918,-1,-1,-1,-1,-1
1956,4922,-1,-1,-1,-1,-1
1957,4925,-1,-1,-1,-1,-1
1958,4929,-1,-1,-1,-1,-1
1959,4933,-1,-1,-1,-1,-1
1960,4937,-1,-1,-1,-1,-1
1961,4939,-1,-1,-1,-1,-1
1962,4942,-1,-1,-1,-1,-1
1963,4944,-1,-1,-1,-1,-1
1964,4945,-1,-1,-1,-1,-1
1965,4948,-1,-1,-1,-1,-1
1966,4950,-1,-1,-1,-1,-1
1967,4954,-1,-1,-1,-1,-1
1968,4956,-1,-1,-1,-1,-1
1969,4959,-1,-1,-1,-1,-1
1970,4960,-1,-1,-1,-1,-1
1971,4963,-1,-1,-1,-1,-1
1972,4966,-1,-1,-1,-1,-1
1973,4967,-1,-1,-1,-1,-1
1974,4970,-1,-1,-1,-1,-1
1975,4972,-1,-1,-1,-1,-1
1976,4974,-1,-1,-1,-1,-1
1977,4977,-1,-1,-1,-1,-1
1978,4979,-1,-1,-1,-1,-1
1979,4980,-1,-1,-1,-1,-1
1980,4981,-1,-1,-1,-1,-1
1981,4985,-1,-1,-1,-1,-1
1982,4988,-1,-1,-1,-1,-1
1983,4990,-1,-1,-1,-1,-1
1984,4993,-1,-1,-1,-1,-1
1985,4996,-1,-1,-1,-1,-1
1986,5000,-1,-1,-1,-1,-1
1987,5003,-1,-1,-1,-1,-1
1988,5005,-1,-1,-1,-1,-1
1989,5006,-1,-1,-1,-1,-1
1990,5010,-1,-1,-1,-1,-1
1991,5013,-1,-1,-1,-1,-1
1992,5015,-1,-1,-1,-1,-1
1993,5016,-1,-1,-1,-1,-1
1994,5019,-1,-1,-1,-1,-1
1995,5020,-1,-1,-1,-1,-1
1996,5023,-1,-1,-1,-1,-1
1997,5027,-1,-1,-1,-1,-1
1998,5029,-1,-1,-1,-1,-1
1999,5031,-1,-1,-1,-1,-1
